conN,conVar,Subject
0.41030927840000003,0.03625758888768489,1
0.4642625367734531,0.13691258785705407,1
0.524971687870128,0.2309483724789932,1
0.46485001983440427,0.3050020340546421,1
0.48906103582326277,0.2924236592214307,1
0.4610091972738766,0.2900426044759169,1
0.5023935254880753,0.3148027400091309,1
0.6029283785218102,0.45291189807477467,1
0.568149292307238,0.4318876908889642,1
0.48079065970293666,0.520227417919774,1
0.49580800742555,0.4462166297810458,1
0.4469872529337562,0.45461481280842425,1
0.47216658236819525,0.41405050911561747,1
0.4979661682973428,0.3828395791507891,1
0.3889220333242715,0.5243599332667739,1
0.3141655710872346,0.569000871087493,1
0.43607518602805984,0.6990199267516449,1
0.5357588319665514,0.758583233278299,1
0.5405979400148728,0.6165448027192821,1
0.5601102483799703,0.5322604589056206,1
0.5556672081612053,0.43469444756202646,1
0.510921821400401,0.4372463315712299,1
0.536771829798212,0.40149708205260604,1
0.43229164759225946,0.5301580300539899,1
0.5295983123394216,0.618739753537516,1
0.5550093732571966,0.5458139246655629,1
0.6182633568910251,0.5631591070001072,1
0.5718971203006407,0.5432597587808545,1
0.5902824689821662,0.47137850438773454,1
0.49025892904028856,0.5771498833939429,1
0.37281772844614125,0.696602307903449,1
0.5212996714356469,0.8542457323017706,1
0.6208829851454277,0.8825632132609781,1
0.7205221278233767,0.9053288559646804,1
0.7223500583584743,0.7279189458419396,1
0.5691061952194533,0.8888228829515937,1
0.569435906112252,0.7117177281468725,1
0.5940983294975559,0.6186990292881058,1
0.5684171273649312,0.546321627695734,1
0.42824461762704547,0.7174023216323586,1
0.5292294167719195,0.7758914555956349,1
0.4615399237913993,0.7560921504375483,1
0.5190961301582173,0.7199861330836748,1
0.5205380979429878,0.5788728420364807,1
0.5430192086843352,0.5080604951118795,1
0.4393513674931015,0.6137840784719709,1
0.45372986821824557,0.519784264227865,1
0.45200322202954707,0.41928070375968896,1
0.41030927840000003,0.03625758888768489,2
0.46203034483905625,0.13244820398826035,2
0.5317832048088551,0.24546428313020593,2
0.5588326077094049,0.25047023230526433,2
0.5813087099303151,0.24532839028603196,2
0.5971312917304453,0.22790787582908603,2
0.7010399734827317,0.39014366416784163,2
0.723303806110062,0.3566425965889337,2
0.7754024607142922,0.38951138647960737,2
0.8193641452667275,0.3995324782885566,2
0.723587861590594,0.5111785499831123,2
0.769004798859705,0.49977671452471173,2
0.7850660783158963,0.4319439305321521,2
0.6970505299485125,0.5215862411604892,2
0.6245773635202481,0.5622153257849202,2
0.6335124105620241,0.4676423547114882,2
0.6446490546391529,0.39638717192344813,2
0.5960426988836092,0.4143224490498459,2
0.6121466183029556,0.36366579807856964,2
0.6372286348115022,0.3410966714799489,2
0.5481583705889769,0.4510178656290096,2
0.5407924520055252,0.3755461296701111,2
0.4528968118320888,0.47622818408296164,2
0.49884205387165703,0.47287303134550573,2
0.4960879583504273,0.38380661611886413,2
0.5200153121584694,0.35490000051117554,2
0.45803883841448684,0.40787294789690554,2
0.49328900864767716,0.39679869878390506,2
0.5078512377664429,0.34656341726465567,2
0.48361305430000356,0.3257271007446032,2
0.45794941114724635,0.311908966901197,2
0.48299556819998035,0.29961948762642565,2
0.45128456598402833,0.30311759453304454,2
0.36562565731900665,0.41381189295647897,2
0.3830320975628573,0.3658623948528844,2
0.49573186527704305,0.5180894513106791,2
0.4682547974424669,0.4694256967176956,2
0.49407713722421753,0.42718523693765775,2
0.5798751934161918,0.5133443019340748,2
0.5776989126544527,0.41502800307073784,2
0.6006942064681718,0.3780129900840286,2
0.5495938927632277,0.40461101947711126,2
0.5133005545928954,0.39627549192235356,2
0.6139409470200008,0.5183011783920938,2
0.5756072197396125,0.4913083972744517,2
0.5262007608632557,0.4918596355722749,2
0.5512330685416448,0.4435523238145979,2
0.5442540013932017,0.36879999334856456,2
0.41030927840000003,0.03625758888768489,3
0.4625020484914972,0.13339161129314214,3
0.48825254766116133,0.15821428737384208,3
0.5097056670148408,0.1694776686064326,3
0.5315523229968253,0.17927544684911528,3
0.4902932345757769,0.22593853432138908,3
0.5166919703002212,0.23354829890599985,3
0.5365578156054268,0.2265703297352112,3
0.6199211310997632,0.34798289477684174,3
0.5125775308007297,0.49307351641954056,3
0.53852978235185045,0.44636331623787395,3
0.5165372391793848,0.40107573933523044,3
0.5006844326226606,0.3525662045816327,3
0.40294162904731096,0.47753857081600537,3
0.4580738102985719,0.49229521915532615,3
0.47505039169973223,0.42778933812658154,3
0.492725343669629,0.37758137444105877,3
0.5552625708324275,0.42713955387844404,3
0.5451422121102136,0.3619523605471828,3
0.5699564581870304,0.3391903805913799,3
0.5244866051013644,0.36229201064443617,3
0.5150440503337846,0.3087187180507083,3
0.5164947361090305,0.24987634599105832,3
0.5495012568189317,0.26591411821264893,3
0.46524365798667544,0.38124649223463164,3
0.4910635036644012,0.3566368851431569,3
0.40211817224371127,0.46320017095590543,3
0.4092580341264127,0.3848398605301272,3
0.43544819742020063,0.36025221501167765,3
0.38423121363058127,0.3906357395885808,3
0.2708200996858589,0.5393308195603093,3
0.44931411107848,0.7884526784334895,3
0.5640620614134061,0.8602580434166438,3
0.46629281342132806,0.8837449307174711,3
0.4798473672011593,0.7341050521336392,3
0.3409287256824104,0.8651213247444091,3
0.251781343154833,0.8703918248506819,3
0.16410004994469968,0.8716760463008122,3
0.01509668451795318,0.9953475678941428,3
-0.08212129359494282,0.9907140105411062,3
0.04591499274274573,1.048643781108262,3
0.1873386535082282,1.1217623464175746,3
0.3524178077725692,1.2275681856627416,3
0.36122460653442345,0.9996681460539019,3
0.3918209600958836,0.8609272239660417,3
0.41030927840000003,0.03625758888768489,4
0.46625210552252855,0.14089172535520494,4
0.45087123039954174,0.14347513053013752,4
0.4186181215692449,0.1792863220847038,4
0.4392850413626553,0.18476289725458378,4
0.45826127336670414,0.18576278181176475,4
0.45852471471241696,0.14913710814083747,4
0.4848509778002341,0.17196221268830433,4
0.42594690132968094,0.25537792309174984,4
0.3427300825059586,0.3707359761208445,4
0.36828262428147407,0.3476938644477066,4
0.4084873680651024,0.35856457912542194,4
0.44930439299673675,0.36848571316360634,4
0.46665623679725987,0.3294922581319313,4
0.5299957281426282,0.39027278919628167,4
0.45989089895031354,0.4524278897416546,4
0.5831385699191591,0.6084376537310148,4
0.4965198676093491,0.6599875276044319,4
0.452888214206031,0.6152533288901818,4
0.5541661270209853,0.694758488742054,4
0.6314457408708759,0.7103660186934244,4
0.6716736050767524,0.6487485433664926,4
0.6928076219601655,0.5612668684600202,4
0.5682817207975954,0.6980652970931562,4
0.35548486354887043,0.9840459521719751,4
0.26376998375503774,0.9706665213252454,4
0.374951808574368,0.9988968666988569,4
0.27057257496748066,1.0078759605728602,4
0.4125113832843537,1.0901783850920344,4
0.2667764771407287,1.1636125203608776,4
0.33478246704411097,1.0669019960954667,4
0.36065630358348827,0.9052692699551279,4
0.3006521577501455,0.8442237076307879,4
0.37393331421876724,0.8219412790418739,4
0.49410257561486415,0.8978915460256929,4
0.6455663989050578,1.0212408834009417,4
0.5819840712416714,0.9441573620475261,4
0.4949799530029612,0.9293341261154413,4
0.39484124260584363,0.9437447216865882,4
0.23117875452261055,1.0823207535157366,4
0.24878808039591685,0.9010752545592019,4
0.2980697488246617,0.8194235405048512,4
0.24446971493262903,0.7627389001879463,4
0.44420785743043223,1.0096674051459633,4
0.6271381618787899,1.173594533013486,4
0.41030927840000003,0.03625758888768489,5
0.4627250069532199,0.13383752821658762,5
0.4619872884615151,0.10854545955667964,5
0.4250158360055714,0.16077927255723112,5
0.4511868331452646,0.18096541232517122,5
0.458837863238088,0.16007439004578383,5
0.4180823928055416,0.20957045290171988,5
0.44076453050625236,0.21302063772279745,5
0.4511533141599124,0.191194077485558,5
0.4188933336254912,0.21747522305728878,5
0.445136558360747,0.22646662791634264,5
0.40883097686958497,0.2537844653153982,5
0.4250488994737349,0.23546341746061847,5
0.44313687185375267,0.22454667872853026,5
0.4693501058305236,0.23206381093636608,5
0.5526284092111178,0.3522076555102812,5
0.587737372825409,0.3519840516368076,5
0.6035114442833136,0.3131353842252552,5
0.6736024204144647,0.39069025964250637,5
0.6976363205800238,0.3606200080451231,5
0.5877299246161106,0.5083087983639248,5
0.574882477898832,0.43234193212569727,5
0.7021022768222074,0.6003131435473088,5
0.7613675286688272,0.5987810185310867,5
0.7612290004830771,0.47930187119636947,5
0.6713972914953977,0.5631049149324542,5
0.6400223346770183,0.5132338455827222,5
0.6673941197016212,0.46533064651538364,5
0.5799163529669573,0.5472200506816347,5
0.5892128064594978,0.4563689475303887,5
0.5975727814431193,0.3818151079915539,5
0.599665229197243,0.30963698190149036,5
0.6466932242183872,0.34176557556348064,5
0.7286288454837552,0.43728370298152053,5
0.754457446787507,0.40148416499272016,5
0.7094763139947592,0.4111495975796719,5
0.7289695754267943,0.36790620092780785,5
0.7533971464409246,0.34318010277050687,5
0.664302977340463,0.4527324204173288,5
0.5853790239126814,0.5200338431894261,5
0.5875397222450374,0.42034847121625285,5
0.49134552650735086,0.5286671684483752,5
0.5436790736827972,0.527600829109593,5
0.5585223164901879,0.45176714890245573,5
0.5941400148566776,0.43264911585494387,5
0.5705449808466231,0.3933093607040641,5
0.5958146601509329,0.36518684717187094,5
0.5475979149352683,0.3885829681688258,5
0.41030927840000003,0.03625758888768489,6
0.4669988700059229,0.14238525432199356,6
0.5044646925454792,0.1888398485367076,6
0.4342547242110248,0.2914918154982749,6
0.4604006050276282,0.28548521403182675,6
0.49426964566904064,0.2961262525082863,6
0.486119877888684,0.2532005375673423,6
0.5124443226443317,0.2552093195651692,6
0.4524002929549681,0.3242555150308626,6
0.44326153158480097,0.27768193476502423,6
0.4684751228297413,0.27257273030190005,6
0.4497575128237937,0.25549340425341516,6
0.35834255012101257,0.38722464880829444,6
0.3615875967406911,0.31626981228599255,6
0.328342145476086,0.31950675235800424,6
0.2980737940053021,0.3161421048279711,6
0.32596332097525277,0.3086927378022782,6
0.36488273139967836,0.3247930110906737,6
0.3054609927910332,0.3786778860898293,6
0.32186387328185134,0.33574806985349964,6
0.3795103409133713,0.3838913911458396,6
0.4243863754040261,0.39686518189798115,6
0.4426354560788952,0.3539903068681232,6
0.4733335667032813,0.34458846674327076,6
0.438995068124246,0.3443477705526873,6
0.4621637907595895,0.3218156617128368,6
0.4838962169408162,0.3009173817327228,6
0.4762940346589606,0.25593826994988944,6
0.49464366260129705,0.2414498718445845,6
0.5218385820973157,0.24754973646770478,6
0.48976879965732395,0.2621793540541474,6
0.5151120964867308,0.26043007690213177,6
0.5748568650771777,0.32783359870259915,6
0.5404294663026205,0.3311216765111938,6
0.5651550754516258,0.3143485595069657,6
0.5412622069481543,0.29926458461251554,6
0.5678575838958286,0.29260242158536104,6
0.5890802914741401,0.27652735242491167,6
0.5848413447904384,0.22969977530733268,6
0.5821466389441092,0.1891492319385245,6
0.6079403725766531,0.20290685281590748,6
0.6096713307429331,0.1657873985852859,6
0.5198998210922665,0.31217293816956193,6
0.542275370848803,0.2944894500487225,6
0.49731493329346843,0.32551243514964706,6
0.5517759180866164,0.36933191770601365,6
0.5779012616868078,0.34771622136519353,6
0.5977831104152699,0.31793667454907903,6
0.41030927840000003,0.03625758888768489,7
0.46767523243972975,0.1437379791896073,7
0.45300672919934015,0.14432738983246501,7
0.4261124832198638,0.1692504038249247,7
0.5321827302064677,0.34754081703314743,7
0.6051049271708189,0.42387704755522027,7
0.5719520176530004,0.4054074570798131,7
0.5969243296316908,0.3742705896212313,7
0.5325586194822085,0.4281478919959496,7
0.6107724451411493,0.49894596491464116,7
0.7417975255801149,0.6612069328096443,7
0.6626759861358493,0.6872086251362467,7
0.5868138311962648,0.7014912099881663,7
0.6131756836402865,0.6139166728785763,7
0.4636889007782189,0.7901069040269963,7
0.45772598589958086,0.6440113529788731,7
0.4649749894931229,0.5297070895701825,7
0.3333161673006493,0.6870833160410932,7
0.24191009951860848,0.7324787883969561,7
0.11859747487752029,0.8326082799997413,7
0.1642834644944835,0.7574586032337194,7
0.21959184115603755,0.7165836359100837,7
0.22965419640860166,0.5933916192331952,7
0.19040173576683253,0.5532182166700944,7
0.0498325359270515,0.7237129730156375,7
0.0694439230130868,0.6181931525845806,7
0.09517504763153131,0.5460167713045535,7
0.17909424169228358,0.6046518051651474,7
0.20543682866339977,0.5364066180743503,7
0.1514077843286824,0.5371833831289149,7
0.24376234027653992,0.6144558183988469,7
0.4308573351183973,0.8657546444027924,7
0.3223857424960493,0.9095469007669299,7
0.1801960842031076,1.0120168371994274,7
0.3473086212036087,1.143838543760544,7
0.3707936740520233,0.9620409407052644,7
0.43423822112929406,0.896521846718753,7
0.644550750308885,1.1378425357341841,7
0.7503886071147339,1.121949742199045,7
0.788373457258788,0.9735294940473445,7
0.701352914885219,0.9528646799850136,7
0.597405893257004,0.9701857872444408,7
0.5413639100850401,0.8882325961394802,7
0.4534116372024257,0.8864906226768131,7
0.4029594411154925,0.810096890315317,7
0.41030927840000003,0.03625758888768489,8
0.4616778963216664,0.13174330695348058,8
0.5205861845939135,0.22321122210727865,8
0.4622459282750872,0.29524949032347547,8
0.4828871353048363,0.2774820063182786,8
0.5683128279834408,0.39283699041183195,8
0.568545447641315,0.31473483164521376,8
0.5838579653506741,0.2824129007348894,8
0.5344406962888092,0.32476485871164146,8
0.5557641928722709,0.3024588801362364,8
0.578203075402472,0.2868448691693913,8
0.520172486567643,0.34553707300517084,8
0.5011781298516667,0.3144183718360894,8
0.5222848558768662,0.29374814951927064,8
0.5208908741500496,0.23778648306904968,8
0.4697064962023194,0.2925979423507002,8
0.49292992972977673,0.2805252209354748,8
0.5023530794882919,0.24326647626541015,8
0.434909224881586,0.3295008902257399,8
0.4434664992426533,0.2807152609027265,8
0.4085693355406364,0.294366536126215,8
0.37966287164326007,0.2933061566957247,8
0.405237989157099,0.2857951603842577,8
0.3755987287903112,0.2879146490409818,8
0.3729737940103133,0.23558158879278124,8
0.3900870496159616,0.22269178224552158,8
0.3881969686302378,0.18193358776786483,8
0.4408164329260062,0.25078579880582863,8
0.45826764289615246,0.23553105898495544,8
0.45415132177401973,0.1966574894322298,8
0.4312121298671872,0.20320437535944885,8
0.4574960006836951,0.2151312419205749,8
0.41549380309972167,0.2561093887044068,8
0.4564963749300798,0.28689265462424157,8
0.47536664891446384,0.26725467166816136,8
0.4053402845924804,0.3538564659784959,8
0.3794368145099531,0.33489211294785126,8
0.40152867583261304,0.31209741300360094,8
0.47386658610426813,0.3943537509461909,8
0.4299512092642932,0.4033137544369026,8
0.45078317436668947,0.36431493375431456,8
0.25968739757514314,0.6736435005865443,8
0.21624839365282408,0.6257928083138736,8
0.3520881922054644,0.7723138437563795,8
0.37969739473734054,0.6730694800688559,8
0.41876485346125386,0.6165905015029114,8
0.5355165068474659,0.7267757079747532,8
0.48206446109169176,0.6883246578913508,8
0.41030927840000003,0.03625758888768489,9
0.46338788401593656,0.13516328234202096,9
0.4246563195573522,0.1855937547907854,9
0.43157436905959923,0.1623111028371223,9
0.4572713894506635,0.1812429230518263,9
0.4613601638306229,0.15317188720137986,9
0.5045838200064949,0.208984822112848,9
0.5076232719924033,0.17326676166209515,9
0.5456778372115283,0.21472253976792618,9
0.5036067136667287,0.2559202789039402,9
0.5299691342329167,0.25746106425552817,9
0.4903434567405983,0.2852202063890592,9
0.5490087894620821,0.3455068305542149,9
0.6633374139013513,0.5050627133219101,9
0.5776938382826534,0.5753373218949238,9
0.5563536384517287,0.5029502571777885,9
0.6637296895247402,0.6171123078882538,9
0.5235473304270617,0.77405456450596,9
0.5962787794166939,0.7647065495840324,9
0.6089865473214712,0.6371807754767803,9
0.5662665579660352,0.5951845990922963,9
0.5388042062683772,0.5310723826691529,9
0.5527415054394033,0.4527325044773745,9
0.5336508432410719,0.40036732797856234,9
0.5057705583052903,0.37605443225441315,9
0.5257978891905093,0.3408982075739685,9
0.5158351479901281,0.2926440484599372,9
0.48856482550209973,0.2886558837440064,9
0.5122325892348216,0.27826023446064885,9
0.5365436107650207,0.27123023062891716,9
0.4979668866717581,0.29413763268965887,9
0.523173839138929,0.28572401108606893,9
0.4430490779828588,0.3888287311809956,9
0.3547608296166064,0.4876394816773013,9
0.3612599278033733,0.4031097817153749,9
0.44645271683343213,0.4928734034324176,9
0.5371873485863068,0.5757679862516835,9
0.5576527902756245,0.5015452723799824,9
0.4978123831826754,0.5209170320898842,9
0.5428228683015391,0.5067545959096349,9
0.5626270738364625,0.4450120877975547,9
0.5929470300783579,0.4166495827218347,9
0.41030927840000003,0.03625758888768489,10
0.46535444008723337,0.13909639448461458,10
0.4657715774685296,0.11211139035028413,10
0.46066936113222967,0.09989354495282718,10
0.48675794274203654,0.13209199918187547,10
0.47344901788574584,0.13229144905808177,10
0.4766072953940056,0.11214971426298492,10
0.5023874873118043,0.1412801552459853,10
0.4376641076682923,0.24247088348381227,10
0.42833771508205665,0.21262949195952108,10
0.4546925835451331,0.22281333049376975,10
0.4977464288864528,0.2643583550776552,10
0.5526880822668933,0.3213699908230051,10
0.575658554335053,0.3030369367947235,10
0.508579754382347,0.37658714934119075,10
0.5397119082495364,0.3635340272073313,10
0.4633202234995834,0.44361059126577107,10
0.4201993955347542,0.4411301289422752,10
0.3075141408076132,0.5782746126081022,10
0.3323934970065374,0.5123784024843302,10
0.29389535950219897,0.48689899699614103,10
0.29868876909329856,0.399106016779112,10
0.4026528956750347,0.5272130665867618,10
0.33062185244914744,0.565832539721184,10
0.34835724113586547,0.48813680915038327,10
0.36758815223979896,0.4289712695281736,10
0.385815529322691,0.3796317697883229,10
0.4426658088278695,0.4174059748410153,10
0.46881297224983215,0.3862191067167376,10
0.4574348267343462,0.331731576404362,10
0.462918927459612,0.2763534625740212,10
0.4859093515623718,0.26706361826473657,10
0.3788530958400663,0.4277634060564003,10
0.3313448901317166,0.4372271362618197,10
0.3571664064809328,0.40142474170788817,10
0.5012062244702964,0.6092194293450378,10
0.3504671957223572,0.7888536009719086,10
0.25161860374320566,0.8287800647358299,10
0.19021756549694097,0.7858261282811934,10
0.28978039758202023,0.8277865667951132,10
0.1462148309905425,0.949360386619046,10
0.18678184939401296,0.8406223461021777,10
0.15472391476897387,0.7366137461318203,10
0.2979462872517845,0.8757357418710774,10
0.19262915276868298,0.9112228624630649,10
0.23517696846780095,0.8140739213686878,10
0.25664035864439905,0.6941859174481464,10
0.277182348311586,0.596432713292891,10
0.41030927840000003,0.03625758888768489,11
0.47265779444302536,0.15370310319619856,11
0.46795589218190636,0.13236628707919681,11
0.46750409359851874,0.10679662683013266,11
0.488769346440434,0.12796780714793665,11
0.5550921718715855,0.2350198965806523,11
0.5413313649532892,0.21553753110111457,11
0.5599290339709702,0.2096253629162536,11
0.490607483727024,0.3063433908208951,11
0.3996282135487168,0.4270332530133305,11
0.5050032018574719,0.5523765790281747,11
0.5600543046293276,0.5520034687662512,11
0.450247149192171,0.6612170858873141,11
0.46499103924181945,0.5584614488091482,11
0.4838041498855611,0.4843953803348018,11
0.47517294471965443,0.40477871459965475,11
0.514580360356425,0.4026378029532649,11
0.4225674614042377,0.5061360402669864,11
0.4023520988997592,0.44533955722254615,11
0.4277025682052875,0.4069725843890935,11
0.4101565023482664,0.36067019922531696,11
0.3677556754252031,0.37333781322638016,11
0.39378658434289304,0.350732068416484,11
0.37610664080758865,0.31594554180379597,11
0.4600593280633548,0.42066180795456903,11
0.36540155620560866,0.5258449900791475,11
0.3781117858170485,0.4460964512861977,11
0.41456966331987977,0.4297929160346206,11
0.516127863201283,0.546950732590503,11
0.46647512016548914,0.5368660721439901,11
0.5557805088279696,0.608103635040153,11
0.5804300678162201,0.5357820260086233,11
0.5812685891854293,0.4303026635453171,11
0.5043249801081225,0.4981293489908673,11
0.5212294872617473,0.4323124934999434,11
0.5350944872260232,0.37357999472850634,11
0.4400806761777768,0.48889161787929775,11
0.44823146645292955,0.4074148748537437,11
0.5278378557934962,0.48514467856412813,11
0.5628259326079721,0.4580918964802542,11
0.5877119623333105,0.4162455766348802,11
0.5974648192044641,0.3525021750502116,11
0.49722806849880197,0.4824752414514937,11
0.5186735386157759,0.4288711333951427,11
0.4964238575486061,0.38759626885045384,11
0.4833159634022621,0.3362928033730509,11
0.4979807954758186,0.2983639068455536,11
0.51786389830512,0.2784573311350459,11
0.41030927840000003,0.03625758888768489,12
0.4579846683043229,0.12435685091879359,12
0.40929811624200146,0.1968585848596777,12
0.37157582838817194,0.2329314435954012,12
0.3910910447910134,0.2253755876820039,12
0.4733772041349387,0.34487278883345374,12
0.5461958594028311,0.42153554160254764,12
0.45914101432998083,0.5113381234277387,12
0.42027906662317127,0.48679439415581,12
0.36681225692205516,0.49636913472688027,12
0.27621647568146196,0.5782868702626907,12
0.36425558838486194,0.6387077216169524,12
0.368156241199671,0.5187674829231801,12
0.3732425272191435,0.42518655837748914,12
0.5127337918519563,0.619131775967617,12
0.3425518124834902,0.8356693795110258,12
0.4562025140758088,0.8958369067934578,12
0.5505034836868413,0.9052714646568313,12
0.4883497171087319,0.8485247048816839,12
0.3953601850949642,0.8647988279328825,12
0.5474644212382954,0.9960475346329686,12
0.6031653903743495,0.908239965978483,12
0.48607216340725146,0.9607784267169824,12
0.4105664781775924,0.9196341118329041,12
0.20988933868502205,1.137061568451464,12
0.3318931436063055,1.1536568646037382,12
0.32205054880689277,0.942610681281816,12
0.25786278619019576,0.8824640702588469,12
0.3759458564207855,0.9421373966682569,12
0.2825800047472684,0.9404416206816397,12
0.43691225703508074,1.0610178011209364,12
0.4606063034168192,0.896202333660226,12
0.40323163819588875,0.8317111973700416,12
0.4137388513905448,0.6863833842853453,12
0.517013282781124,0.7556555702094345,12
0.5114751167020124,0.6156007883257709,12
0.47098623044187365,0.5734584031808942,12
0.49608611935586944,0.508966500372707,12
0.6628837718170498,0.7407685052205264,12
0.41030927840000003,0.03625758888768489,13
0.4683493225080463,0.14508615932624047,13
0.45698626596541403,0.13879504054625685,13
0.47182569662422014,0.14071489375461776,13
0.4913861424540941,0.15169280666344223,13
0.4981591067603532,0.13490017394327192,13
0.4948856610152013,0.11446703064492128,13
0.5212475064179872,0.14429731532150886,13
0.5059299252968401,0.1460730144995014,13
0.508872651618367,0.12274386424265504,13
0.5331082615515083,0.14666631126040644,13
0.47167159524711044,0.2402063816171207,13
0.4808280290463703,0.2104779728922163,13
0.5065653884152713,0.21985709705157508,13
0.470032831197027,0.24895079207774873,13
0.44392815402118674,0.2513699880138795,13
0.48300608291139197,0.279251848191514,13
0.4458477416440013,0.2977181610879925,13
0.44194523501305893,0.24597954213227874,13
0.46817037871174433,0.2492339211031938,13
0.47682598998435094,0.21669835942776827,13
0.5215520826815151,0.26281087293654304,13
0.5229253696552059,0.21299527229661586,13
0.5490556216808392,0.2226567218885593,13
0.5017702867089969,0.27269604745453196,13
0.5219125922652347,0.25844144907610106,13
0.4822038526129676,0.28617063856541497,13
0.49654497847990436,0.2576187625862055,13
0.5211568357156898,0.25531872454053534,13
0.5197609365173372,0.20704677802913357,13
0.4818689461027432,0.2414214032524948,13
0.5081171240727301,0.24563347854196962,13
0.5743174394930511,0.3289074136742177,13
0.4844745532947371,0.4428117033360022,13
0.5100394789023113,0.4053792138839501,13
0.5251343295802413,0.3544930724630201,13
0.5464210335510059,0.32616786591194535,13
0.5723551879729787,0.31280260157350187,13
0.542446426748777,0.3100596037072048,13
0.50364443555377,0.3256516653557777,13
0.4079778453048226,0.4518545127825171,13
0.4086756650735653,0.36287924976349906,13
0.387952395660215,0.3317499386374998,13
0.41280064580388126,0.31509645119733237,13
0.38007970498514054,0.3175190425953473,13
0.3825167681920733,0.25888936049014333,13
0.40793456056422056,0.25794707313640913,13
0.3937943013982697,0.23463817684102903,13
0.41030927840000003,0.03625758888768489,14
0.4674430602853568,0.14327363488086148,14
0.4876324250972321,0.15499763752843976,14
0.4420010529171463,0.21526085438292336,14
0.46247171769421797,0.21315001306048195,14
0.43273996738654275,0.22998351106373605,14
0.3908843814193582,0.26769798078535784,14
0.3958335348710119,0.22405669153159372,14
0.39248873846160215,0.18593494604409455,14
0.4389083359549979,0.24158715182206716,14
0.46516160938329865,0.24577626831425525,14
0.37492650167891944,0.3770912300601626,14
0.33384517455531604,0.3838356382953369,14
0.46380536083014384,0.5669888831859251,14
0.43033597708071375,0.5205298740476002,14
0.36326802173672107,0.5505598099260656,14
0.4054409183149413,0.5247936410972929,14
0.4258439641760084,0.4606410045999685,14
0.4865839046142757,0.4899926845565094,14
0.39888667432681246,0.567388608220134,14
0.3423715920138986,0.5669410512019349,14
0.357868870128764,0.48454739719127876,14
0.3828088079318693,0.4375177933592335,14
0.45566662286109655,0.49572986454584134,14
0.42860903892057595,0.45069905951771433,14
0.4447434623276099,0.3928280944282394,14
0.38303450708782394,0.4376803860221635,14
0.34380002807938537,0.4286132668346079,14
0.4914728080362798,0.6382361733814752,14
0.4754125623516211,0.5427094300744976,14
0.42101439263415774,0.5429638834945247,14
0.5687337881441511,0.7298098978156065,14
0.5592755960220148,0.6027643024967578,14
0.5111103722387482,0.5785418895639395,14
0.5123445331305878,0.4653018334348308,14
0.4936321659876419,0.4096662010337564,14
0.5989267890686654,0.5383222069890519,14
0.5075472955724626,0.6134167525836471,14
0.4508400449725841,0.6041479032666746,14
0.5007345801519754,0.583107392972122,14
0.52709240624674,0.519201566567227,14
0.5445849307756011,0.45034630231150374,14
0.5300901675511649,0.3892665682980754,14
0.5469754414536802,0.3451838024434908,14
0.536400681345331,0.29729656217149086,14
0.5787195504453342,0.3224749879371991,14
0.6016934940716534,0.30392787760239776,14
0.5744530690385511,0.29762315214812285,14
0.41030927840000003,0.03625758888768489,15
0.46759362171548274,0.14357475774111328,15
0.5191522326880191,0.21797702813796338,15
0.4353360033380785,0.342014081210252,15
0.43878800450327177,0.2805152672985882,15
0.4165650070013894,0.2688582088426354,15
0.4379071819065034,0.2577709168843364,15
0.447377990355028,0.22515835040451837,15
0.41616940647353023,0.24254384808661023,15
0.3845799914276145,0.2572139085611197,15
0.40809482263517805,0.25280078926402283,15
0.4218001586697627,0.22965130348038756,15
0.37312598838598143,0.28106938335187265,15
0.3985161752525226,0.2756358804145804,15
0.39150605171472286,0.2345289514072638,15
0.47513490039032724,0.3548808584770197,15
0.5160323219602614,0.3656995299214841,15
0.5077640552545397,0.3090961573486307,15
0.4514319015190358,0.35994123334991235,15
0.4748710814137128,0.3348313464692839,15
0.45647813881665505,0.30465096236954264,15
0.39847879101975975,0.3597194654894247,15
0.42470187324635517,0.34022173684473056,15
0.43114314541444276,0.2850599338119597,15
0.41987457798715183,0.25058508190414963,15
0.4400489650161827,0.2408168395813814,15
0.43822791647589215,0.19629556874568618,15
0.433354049285899,0.16678418937653527,15
0.4561132909341574,0.17894583479774503,15
0.4033631853281961,0.24865687905011868,15
0.39631123606969165,0.21302940175710383,15
0.4195678172287258,0.21693668372375144,15
0.48551195784601475,0.305437628213579,15
0.507294585026822,0.2879153569324776,15
0.5251967455331491,0.2661366065586362,15
0.5116036595142659,0.24009545728467535,15
0.5535416888790674,0.2759524245573433,15
0.5784733796115151,0.27062532111077015,15
0.5750779344901998,0.2232911471312468,15
0.5737512057514692,0.18128637518245877,15
0.5997995685485689,0.19712582574016638,15
0.6009489103911008,0.1599993442771969,15
0.5786863404802045,0.17252461524355,15
0.5967418281433083,0.17413066752104767,15
0.576866352977106,0.17905548434924295,15
0.5981996537550635,0.18591098903530928,15
0.6185169994039934,0.1893634825261073,15
0.556231677817512,0.2760614291938487,15
0.41030927840000003,0.03625758888768489,16
0.46134414086123615,0.13107579603262015,16
0.41408775107655554,0.1993734163954573,16
0.3151595309130912,0.3573551734432946,16
0.3368422904537292,0.32924965783591176,16
0.292889484308169,0.3513053385598498,16
0.3743067141996842,0.4438787306309102,16
0.39786736169740133,0.4022242795001624,16
0.4138994251187616,0.35384355044285043,16
0.4554781964427399,0.366232383002237,16
0.4796917024343728,0.34141291838505544,16
0.4458185570124335,0.34087662555192294,16
0.4364363316735133,0.2914657511193788,16
0.45508762057713226,0.27047517870274096,16
0.44429899354713964,0.23795739702217805,16
0.5353309499466217,0.3724298304167065,16
0.5773561844359775,0.3819943333120768,16
0.4667987742446055,0.5267102870324054,16
0.5599207262996205,0.6076121337359545,16
0.679113395770886,0.7244750459312945,16
0.708281856906599,0.6379169590164614,16
0.5385951638966767,0.8497069532330136,16
0.6591939231999063,0.92096308119287,16
0.7229087090695034,0.8642000366934901,16
0.7122104110530593,0.7127566253876804,16
0.6232688662959923,0.7480883898242782,16
0.49749389738005056,0.8500206496913061,16
0.45531163969292765,0.7643810351272906,16
0.46242821953821833,0.6257379877924139,16
0.5184921413744147,0.6127182339063239,16
0.506641903290438,0.5138750632930124,16
0.5299140197691665,0.45764428359186693,16
0.509919971654021,0.4061035231037845,16
0.5466315427710657,0.39830596071711705,16
0.5688596841900053,0.3631010514115729,16
0.5064602639355603,0.4152796816381483,16
0.4977718044634384,0.34960066425476255,16
0.41007439074570834,0.45507535883927014,16
0.42133357301695157,0.38657865161390254,16
0.4184363398627171,0.31505738759959095,16
0.43769854171615336,0.2905703137865453,16
0.5115379622731346,0.38013509214319885,16
0.46538474238127736,0.39641451349827367,16
0.49143392623634635,0.3692299785087569,16
0.5205223888383786,0.35356090801107004,16
0.41030927840000003,0.03625758888768489,17
0.46373564188850414,0.13585879808715612,17
0.4168093225787639,0.2025396770892054,17
0.48042328912148713,0.2892596747568107,17
0.5060005536391423,0.28256226884075886,17
0.4410712497531692,0.3559084228445533,17
0.3684806831288258,0.42990787152432935,17
0.39380834440894064,0.3945816197796931,17
0.35555286642067707,0.3921762518002816,17
0.38577518141308287,0.3741856314250368,17
0.411935878214568,0.35166989874299975,17
0.47104611392646234,0.3995563904181884,17
0.3975691342830487,0.46659907162137804,17
0.4209907574673333,0.42012250366567166,17
0.45714317720943404,0.4084028424167388,17
0.522623180185517,0.4576822798855571,17
0.5493904556590922,0.419680374855596,17
0.5925518130029324,0.4220670145721573,17
0.5955371139285847,0.3436242135090304,17
0.621547146654184,0.326919436258423,17
0.6178138896899492,0.26900206293520795,17
0.6207098836543854,0.22099363827703883,17
0.5239643081613905,0.37028606160762095,17
0.4462850733307741,0.4515873189473295,17
0.40176536166699395,0.45030927848542385,17
0.5118873143673931,0.5804913281891373,17
0.5614369648714417,0.563492363559407,17
0.5955919146868126,0.5191037904782675,17
0.6003552416077227,0.42480968622443427,17
0.6024950979312038,0.3441274616265096,17
0.5388760922597842,0.402539980644047,17
0.5646921963098075,0.37366419261528416,17
0.5253868322478381,0.37754208221616614,17
0.4478491253562547,0.4571090795560997,17
0.45807743692739566,0.38614388678716166,17
0.42418770986762483,0.37669456354927106,17
0.5677642479364431,0.5885087269770534,17
0.7010903392221877,0.7374591641531317,17
0.6372537020982101,0.7176406055704606,17
0.5170819074166887,0.8144560738194112,17
0.5363531686497829,0.6901073815217174,17
0.61562394468982,0.710627457297448,17
0.4955478263437791,0.8086542025300402,17
0.8005732192711507,1.2569741478787753,17
0.7940168003047978,1.0186921562357258,17
0.8150098274852212,0.8569397793494276,17
0.8409696289750352,0.7374714264591702,17
0.7699052209103473,0.7321059572967121,17
0.41030927840000003,0.03625758888768489,18
0.4616336943956518,0.1316549031014514,18
0.4658125353653663,0.11368160442059025,18
0.41497713111553436,0.19261609203613617,18
0.44128306249626603,0.20670473639037235,18
0.39763325681099704,0.2526634004828358,18
0.4684547870930058,0.34377378095028616,18
0.4730165432273286,0.28414253702887454,18
0.5027279870800263,0.28673691732849504,18
0.5333540704487214,0.29064170060018635,18
0.5576346550361162,0.2810745296549388,18
0.5624601224765142,0.23451055860474715,18
0.524019062256315,0.26449056732419624,18
0.5501553930323022,0.2638651154113313,18
0.5888745889208693,0.2885304841061993,18
0.6124583475413453,0.2779919045259115,18
0.6311005307024835,0.25967788994300556,18
0.6176029649835441,0.23473744339228328,18
0.6061663863841233,0.21066311191266796,18
0.6320471994945094,0.22029211575090635,18
0.5925962657231358,0.25513556014347216,18
0.4972823440523369,0.3947362914563757,18
0.5017489030507786,0.32472215116198383,18
0.4472833538289631,0.3687088193732179,18
0.5042896828051926,0.4089797134510333,18
0.5285390635212776,0.37568253219299647,18
0.6188051170756736,0.4810781328631894,18
0.521778563225157,0.5789156139915849,18
0.5437789101547577,0.5071331850524691,18
0.5026764159686157,0.48791153641425933,18
0.46947317594163296,0.4567357091853729,18
0.4928938191880171,0.4122298538410666,18
0.554219093839293,0.4524344323754051,18
0.5507546606171161,0.368876412344678,18
0.5643790174556051,0.3223498435527204,18
0.6088965322374884,0.34691490440594286,18
0.6889815560957924,0.4377019712413623,18
0.6979834507174281,0.3681653662363613,18
0.744111926023362,0.3867892436009568,18
0.7583715033524736,0.3379505495389886,18
0.6620864323022266,0.46293058173168494,18
0.6386257905249504,0.4172657489399004,18
0.5973986330158088,0.41626691417020356,18
0.5102477149432345,0.5073153674813113,18
0.5882738654965582,0.5619045950916965,18
0.5866542502554797,0.45276290655551443,18
0.6902964947644038,0.5694948142622597,18
0.6994940608308666,0.47399098354273345,18
0.41030927840000003,0.03625758888768489,19
0.4625848741992006,0.133557262708549,19
0.5214305701903339,0.22453720214910594,19
0.5117749142280555,0.19894107364384148,19
0.5368265070615795,0.20925604458212116,19
0.46226901856993796,0.3165198126489801,19
0.5289165146668693,0.3865108423130467,19
0.5549623044839799,0.36130025348465866,19
0.5270633168555797,0.34483817804452715,19
0.5272859096412004,0.276315728006863,19
0.5491089645830267,0.26469869228914317,19
0.5518936039367276,0.21732823253871628,19
0.6091480179343715,0.28837141402626076,19
0.5194989976416798,0.4099951718063919,19
0.586946465208588,0.4628910725789297,19
0.574595796878541,0.3950141947232377,19
0.6044031044271927,0.3756259708758936,19
0.5606129532709198,0.3880810790132607,19
0.5086534794985546,0.4143838107553391,19
0.5186188664028875,0.35143782241293714,19
0.5003341050783541,0.31771978057941647,19
0.4186695231427106,0.4175049883348201,19
0.44434877291195585,0.38536249020634655,19
0.48235886749100165,0.3843101813231689,19
0.5575081032185185,0.45774661651356874,19
0.5832001571839757,0.4175814011417693,19
0.5661010074219851,0.36826342043739657,19
0.5157591159890381,0.39529451921581127,19
0.6217009592136037,0.5281193018217802,19
0.7618912893173262,0.7028761016648692,19
0.8274348139893833,0.6933879306760097,19
0.8482101367022983,0.5962609899666376,19
0.7468813379350964,0.6796663895077139,19
0.7509867326694107,0.5519439010747998,19
0.7773328766089048,0.4942474087388281,19
0.7290411944033837,0.4919812914021049,19
0.6965638353588327,0.45853975121078594,19
0.8002931069487204,0.5742903441484041,19
0.7456239061513571,0.5687706769134498,19
0.665991846666905,0.614280660499664,19
0.6818167486467824,0.523074332359486,19
0.6387392883651222,0.5046143864509092,19
0.5203598147219105,0.6404504564471507,19
0.38851411643722844,0.7760517617270848,19
0.2663886440734874,0.86509235410915,19
0.41030927840000003,0.03625758888768489,20
0.4625952514658948,0.13357801724193746,20
0.4162051203617855,0.19964267600176866,20
0.4211415584184989,0.16958701691484168,20
0.4386454531635145,0.17067740302190465,20
0.49130876612065455,0.24186854833180382,20
0.4203381773091735,0.3354360162884052,20
0.44320166525816657,0.31407578892871035,20
0.3892420550410585,0.35917985157718435,20
0.3348991168556042,0.39602975763265613,20
0.36093526103568163,0.36889609446627974,20
0.417203626538202,0.4076536065780645,20
0.43892883896821705,0.36957331012248174,20
0.4632952580454921,0.3443914862525355,20
0.4171817726089484,0.3677401598751159,20
0.4830315447626811,0.4258916722075581,20
0.5165975472535298,0.4078453427477439,20
0.4097462844682041,0.5399787997688466,20
0.4169311503069802,0.4463527714926294,20
0.4395284071938784,0.40227673096789995,20
0.5394843571554329,0.5217332846974287,20
0.5650281006235035,0.4684741146940843,20
0.5902932789312552,0.42530964837077084,20
0.5786057716522793,0.3636227332545683,20
0.5223391960771422,0.40343133775392886,20
0.535377487608136,0.3488216532651306,20
0.5136089864527219,0.32259432492293266,20
0.5645380817046002,0.3599336504421026,20
0.5760696572236749,0.3110100713918315,20
0.49578409149632424,0.4093791885681664,20
0.5187850255748088,0.37350521901150224,20
0.5450820700325926,0.3513982641247695,20
0.5164116673318773,0.3384594167012463,20
0.516029782238932,0.2715313035468875,20
0.5349285677098793,0.2550226137794046,20
0.599813819179456,0.3337885939626771,20
0.5938086705100462,0.27904117250896143,20
0.6167958418330064,0.26920728065308974,20
0.6699956135826249,0.32176536802170885,20
0.7138317014275141,0.3450844701071453,20
0.7379746593135547,0.32435349185779744,20
0.6540154042931785,0.42740130352699024,20
0.6581554414659758,0.3502011171671867,20
0.6700912514084136,0.304032513618625,20
0.6067998864568129,0.3698087407981015,20
0.556924001695846,0.3955987621604152,20
0.5780071159084592,0.35864523815355853,20
0.5863048638557468,0.3035116864174219,20
